2020-12-04 02:15:25+07, Done Work
2020-12-04 02:15:28+07, Done Break
2020-12-04 03:29:06+07, Done Work
2020-12-04 03:29:09+07, Done Break
2020-12-04 03:29:27+07, Done Work
2020-12-04 03:29:30+07, Done Break
2020-12-04 03:29:48+07, Done Work
2020-12-04 03:29:51+07, Done Break
2020-12-04 03:30:21+07, Done Longbreak
2020-12-04 04:21:06+07, Done Work
2020-12-04 04:21:09+07, Done Break
2020-12-04 04:21:27+07, Done Work
2020-12-04 04:21:31+07, Done Break
2020-12-04 04:21:53+07, Done Work
2020-12-04 04:21:57+07, Done Break
2020-12-04 04:22:24+07, Done Longbreak
